"","date","GPP.daily","GPP.daily.sd","ER.daily","ER.daily.sd","K600.daily","K600.daily.sd","warnings","errors"
"1",2018-01-01,NA,NA,NA,NA,NA,NA,"overall warnings","data don't start when expected"
"2",2018-01-02,-0.000732636009936939,0.0262645522157447,-0.44140597596683,0.0527227595134613,3.47134301931617,0.205518312935439,"overall warnings",""
"3",2018-01-03,0.0197971172785824,0.0258826532402033,-0.468168739632827,0.0579172280012041,4.30671095082381,0.293477399008613,"overall warnings",""
"4",2018-01-04,0.0192221926179872,0.0257611355207398,-0.742646186473213,0.0601128324517268,5.54991975766173,0.306360516586924,"overall warnings",""
"5",2018-01-05,0.0414821836802895,0.0253586488019122,-0.764697212940375,0.055934701601818,5.87328619103097,0.236872501510316,"overall warnings",""
"6",2018-01-06,0.0376318753144409,0.0259718231857486,-0.970268731666166,0.0576540431467833,6.29188744024486,0.227997094134736,"overall warnings",""
"7",2018-01-07,-0.0454783467690471,0.0259906435931017,-0.694923968700663,0.059461590263743,5.90715036095315,0.304166464659945,"overall warnings",""
"8",2018-01-08,-0.025181649277801,0.0266230755654988,-0.352545813519697,0.0526093448593974,3.37628680023711,0.202088805778055,"overall warnings",""
"9",2018-01-09,0.0253557257865654,0.0260844504145725,-0.526806996199375,0.0579167598914276,4.29321076013183,0.290561968756299,"overall warnings",""
"10",2018-01-10,0.00762770619545071,0.0251796461267282,-0.581228382688438,0.0601147562693476,4.95506101494522,0.322651359878511,"overall warnings",""
"11",2018-01-12,0.00617972843010354,0.0264246384126235,-0.550327235156312,0.0612094341102064,5.69061622968151,0.408555768277989,"overall warnings",""
"12",2018-01-13,0.014283374827675,0.0260142563158439,-0.506395544286838,0.0581875559946039,5.61942885687873,0.392068917793782,"overall warnings",""
"13",2018-01-14,0.0122312088464437,0.0267026034606221,-0.365998352182203,0.0521113180002926,4.05340726941898,0.23459308177147,"overall warnings",""
"14",2018-01-15,0.0228373173234651,0.0266455643086074,-0.374715209631758,0.0519112148550859,3.81712364242823,0.239030117036356,"overall warnings",""
"15",2018-01-16,-0.0102454803710674,0.026772450266652,-0.499485804082741,0.0575582745480487,5.41794358066808,0.362571714249158,"overall warnings",""
"16",2018-01-17,-0.00990258007414612,0.0264655480533254,-0.502628324253867,0.0565534916343619,5.22085133538024,0.326980039205688,"overall warnings",""
"17",2018-01-18,0.000391692749790587,0.02727179612451,-0.404492750678453,0.0535445927815418,4.34982296934848,0.240125367536151,"overall warnings",""
"18",2018-01-22,0.0642260502235082,0.0269726928047899,-0.654074986944863,0.0556173776255157,3.58085454114283,0.216995441953909,"overall warnings",""
"19",2018-01-25,0.176565227976198,0.0277872225755062,-1.00710338218236,0.0875203460033833,4.89589184737746,0.374597403421679,"overall warnings",""
"20",2018-01-30,0.0100080792774037,0.0270841139007772,-0.515758766376208,0.0565523476804383,3.68936116181121,0.230386740916764,"overall warnings",""
"21",2018-01-31,0.00766575082108372,0.0270079183932379,-0.460020210019618,0.0568120535235928,3.78944112686948,0.244674346262018,"overall warnings",""
"22",2018-02-01,0.0296057511066723,0.0270978125374387,-0.537713754154753,0.0602448089324208,5.0859212000389,0.365430927384799,"overall warnings",""
"23",2018-02-02,0.0231242565514088,0.0272338572369679,-0.565351545126834,0.0590174792691232,5.30459313998171,0.357919199127342,"overall warnings",""
"24",2018-02-03,0.0253016066312731,0.0271325037595762,-0.326660525877827,0.0524492957342618,3.20773750951742,0.195286440717661,"overall warnings",""
"25",2018-02-04,0.0460010981066131,0.0276797074868587,-0.446681907530208,0.0537991866544447,3.13895146154759,0.208466216462353,"overall warnings",""
"26",2018-02-06,0.0160535091735062,0.0276673046640192,-0.368175142700529,0.0518581101674396,3.44932256649431,0.196380026506287,"overall warnings",""
"27",2018-02-08,0.0216042217420893,0.0279541621759447,-0.363636567233691,0.0525458803816986,3.57726302617004,0.213429350476573,"overall warnings",""
"28",2018-02-10,0.0393490465056807,0.027614304809468,-0.361414102681371,0.0509238381410937,3.24235474302366,0.192387368531563,"overall warnings",""
"29",2018-02-12,0.0488340091305289,0.0288070955551917,-0.402743294560161,0.0533811659562862,3.64479345738985,0.230473647792469,"overall warnings",""
"30",2018-02-13,0.0142111112492863,0.0282118591989578,-0.404338597678426,0.053165365064423,3.98707328206337,0.237077502380331,"overall warnings",""
"31",2018-02-14,0.186782573838737,0.0289597549223711,-0.513672553470337,0.0612147156307083,3.49873514444094,0.227824527942095,"overall warnings",""
"32",2018-02-18,0.353186526269703,0.0297738916047186,-1.19992420731051,0.071149829915192,5.6180447218401,0.28665594342653,"overall warnings",""
"33",2018-02-19,0.00962959408289263,0.0284606725367019,-0.541618099758865,0.0568374296601197,4.20824286979287,0.237355384104779,"overall warnings",""
"34",2018-02-20,0.115982320534761,0.0291432995739155,-0.684415356555458,0.0632583175306633,5.36532070784989,0.352760724731094,"overall warnings",""
"35",2018-02-21,0.060469974891921,0.0286722191070449,-0.592523292580245,0.0597530849871593,5.13258969575387,0.315609974978698,"overall warnings",""
"36",2018-02-22,0.0710060259275456,0.0295280314065743,-0.573709796079096,0.0575780513170306,4.92059788818558,0.287888325076366,"overall warnings",""
"37",2018-02-24,0.037424360903053,0.0296322195589503,-0.392423060338204,0.0530061576436588,3.35404995337531,0.190426541118889,"overall warnings",""
"38",2018-02-25,0.3018848934649,0.0306542706311835,-0.719200228924435,0.0602859892688232,3.44651032561394,0.205438447505581,"overall warnings",""
"39",2018-02-26,0.439667253294519,0.0298003234866944,-0.937260640735048,0.0709466696004195,4.46132003907109,0.294766685280778,"overall warnings",""
"40",2018-02-27,0.447147348594305,0.0298421971745797,-1.38727797978344,0.0695139469346977,5.95258555025818,0.290899712004861,"overall warnings",""
"41",2018-02-28,0.0521749802244246,0.0298566775575903,-0.428172872525556,0.0565348671993274,3.07709095423103,0.213048754839681,"overall warnings",""
"42",2018-03-01,0.0159629381687257,0.0293074344593254,-0.392021238979174,0.0565824332770357,3.0747598045196,0.209714657734445,"overall warnings",""
"43",2018-03-03,0.00802892197686321,0.0301058258420733,-0.636008822657072,0.0632216619926007,4.49098645806913,0.285285314230022,"overall warnings",""
"44",2018-03-04,0.0178969631708545,0.0296920794686329,-0.635364454418576,0.0615778110638848,5.20772527034223,0.326976161387934,"overall warnings",""
"45",2018-03-08,0.0192142472854846,0.0304949014587566,-0.446987604949869,0.0571264447204815,3.79453728139435,0.241946136162701,"overall warnings",""
"46",2018-03-11,0.0673771122376812,0.0303408325317072,-0.596611319257838,0.0610836951625212,5.19956946749311,0.319099947398785,"overall warnings",""
"47",2018-03-13,0.0304814069824386,0.0305720770065852,-0.510418704457683,0.0592519989518791,5.09000060319296,0.307284175903199,"overall warnings",""
"48",2018-03-14,0.0349416102184607,0.0307684462284816,-0.554749752736357,0.0627844762254062,5.57975983298514,0.387185054941473,"overall warnings",""
"49",2018-03-15,0.0828386752474766,0.0315495770989204,-0.576657765035773,0.0631626087770439,5.64036168556612,0.393173132947215,"overall warnings",""
"50",2018-03-16,0.346224173336749,0.0316634329221828,-0.810809566535911,0.0731596052271658,3.77524491528317,0.279724034527239,"overall warnings",""
"51",2018-03-17,0.167403539348259,0.0320370212194463,-0.869509569364754,0.0699137422148819,4.32623827961406,0.289464912554327,"overall warnings",""
"52",2018-03-18,0.0980236734893343,0.0317040436712866,-1.06680588530152,0.0779476596164655,6.00495879486333,0.316454497192935,"overall warnings",""
"53",2018-03-19,-0.015045888601435,0.0320114916845522,-1.16002178693732,0.0705044194596735,6.31427329234441,0.252015439371482,"overall warnings",""
"54",2018-03-20,0.0987694930835858,0.0326034870969764,-0.659631711729041,0.0672675400839717,4.3370820949428,0.289894413689854,"overall warnings",""
"55",2018-03-22,0.159280950069962,0.0331701046964941,-0.780850126344859,0.0678045642431972,4.67984925270453,0.286685843591009,"overall warnings",""
"56",2018-03-23,0.286765040633694,0.0351677640308842,-1.09665816972349,0.0787125855190538,6.24629806304312,0.323721800704815,"overall warnings",""
"57",2018-03-24,0.196945745261736,0.0319566180662526,-1.11469873101757,0.0662888923668229,6.06254386563271,0.261031488415747,"overall warnings",""
"58",2018-03-25,0.203215463677606,0.0321767250811229,-0.993669412686882,0.0680749621449139,5.51729352845824,0.308132490253431,"overall warnings",""
"59",2018-03-26,0.121282451811519,0.0322346474360237,-1.03466778605637,0.0657590274284934,5.96050364361726,0.254785745843118,"overall warnings",""
"60",2018-03-27,0.258587856018791,0.0344693396734308,-1.0035745661679,0.070824355696639,5.99932051784781,0.308217396691446,"overall warnings",""
"61",2018-03-28,0.256958949891887,0.0346720057068797,-0.949295004278883,0.0714009238438636,5.44379845894733,0.324582109020315,"overall warnings",""
"62",2018-03-29,0.594686039175663,0.0348079933216763,-1.67203246225241,0.0653789485771215,7.31271207844452,0.204025286151387,"overall warnings",""
"63",2018-03-30,0.601560396710688,0.0378463917008137,-1.69086664562547,0.084404585242892,6.23299120285848,0.304393105712057,"overall warnings",""
"64",2018-03-31,0.557762370008013,0.0328386343883701,-1.60343913232077,0.0638093297499264,7.31725389255813,0.201678517142528,"overall warnings",""
"65",2018-04-01,0.48542193010608,0.0331830478318027,-1.56857389688363,0.0644593325708992,7.49961481944295,0.219005011596247,"overall warnings",""
"66",2018-04-02,0.501467094094256,0.0335852944343347,-1.67546649192871,0.0676960736438653,7.77696550786416,0.25857287090435,"overall warnings",""
"67",2018-04-04,0.630742282979825,0.0344539104259213,-1.42606129395609,0.0608334959498424,6.75421790128561,0.203451661476355,"overall warnings",""
"68",2018-04-06,0.685565118836382,0.0352035118015296,-1.15909292874837,0.0610984809826553,6.13651145434196,0.23548845493634,"overall warnings",""
"69",2018-04-08,0.505445390850758,0.0336605860578666,-1.5398628459456,0.0611433648009164,7.29412245015145,0.209218851901564,"overall warnings",""
"70",2018-04-11,0.797293435641276,0.0405435462172138,-1.59078687813821,0.0749206589115218,6.61810695231699,0.274225585456099,"overall warnings",""
"71",2018-04-13,1.39496979162687,0.0397050109234422,-2.18470338047905,0.0666938356252427,7.59341211130844,0.200768078707199,"overall warnings",""
"72",2018-04-15,0.729407761796017,0.0363782120564166,-1.58477830382207,0.0626741744677254,7.37991945855286,0.205156222767172,"overall warnings",""
"73",2018-04-17,0.762615568811658,0.0379489029667028,-1.47307185862928,0.0644012307379045,6.67398925514298,0.210572955494377,"overall warnings",""
"74",2018-04-18,0.642935440596297,0.0351191760309559,-1.41203112099312,0.0637794449023945,6.37213904548573,0.215472366748816,"overall warnings",""
"75",2018-04-23,0.994026452818115,0.0398343465606269,-1.83716557552614,0.0674599275135577,7.3708713257602,0.200202700418409,"overall warnings",""
"76",2018-04-24,1.20925024607637,0.0452933341096597,-2.3716108559882,0.0806894433526043,7.8355651610443,0.233673398726369,"overall warnings",""
"77",2018-04-25,0.890689363876674,0.0363625434216831,-1.51503417321176,0.0616416889263584,6.62857770214478,0.180090843057233,"overall warnings",""
"78",2018-04-26,0.445956009601425,0.0393723573492056,-0.773263839445337,0.0663384869096099,4.34181860933087,0.293802167017962,"overall warnings",""
"79",2018-04-27,0.3474151052089,0.0372393487080791,-0.554512738637475,0.0581845395502258,3.2688474190291,0.200220057935825,"overall warnings",""
"80",2018-04-28,0.266220312602459,0.0364357524985421,-0.52713214784703,0.0590619784923259,3.24532905754072,0.201989799422104,"overall warnings",""
"81",2018-05-03,0.120058949501026,0.0361984270443494,-0.674807928744679,0.0689782259975715,4.29585142839536,0.29408556223221,"overall warnings",""
"82",2018-05-04,0.189053699755006,0.0378725468859163,-0.5257210325519,0.0630051443947364,3.71918591546997,0.228435551914455,"overall warnings",""
"83",2018-05-05,0.2270224176013,0.0377779973190041,-0.684318387220463,0.065648857799415,4.98671159820924,0.287568562133345,"overall warnings",""
"84",2018-05-06,0.316896369583469,0.0405767933446778,-0.76751389519815,0.0740561433237785,5.74217625723471,0.40332430686489,"overall warnings",""
"85",2018-05-08,0.3801586720991,0.0385014543820777,-0.779018523200828,0.0624289935503275,4.5182315042232,0.241008449247633,"overall warnings",""
"86",2018-05-10,0.430817074798442,0.0411254216476557,-0.813429071568122,0.0676255528971179,5.2784737406564,0.317664442144716,"overall warnings",""
"87",2018-05-12,0.129595611299065,0.0378417931185466,-0.690781036396805,0.0657849866680245,4.77042611171672,0.267792009495889,"overall warnings",""
"88",2018-05-13,0.290019716447754,0.0382206619445275,-0.637635900557244,0.0615688462333768,3.22737269118943,0.189310868970489,"overall warnings",""
"89",2018-05-14,0.220684519715694,0.0379982823724873,-0.778519659230664,0.0672959923633472,4.30801949278718,0.236253048173217,"overall warnings",""
"90",2018-05-16,0.167057438942632,0.0371946706143271,-0.630048936915279,0.063217013727191,4.15133530843817,0.231511173654984,"overall warnings",""
"91",2018-05-17,0.206268995174172,0.0393270574915457,-0.753323656507196,0.0735096245835624,5.55928590232938,0.374599715324613,"overall warnings",""
"92",2018-05-18,0.153457206442862,0.0390771685080936,-0.648696405503403,0.0721856453382575,5.17799628340222,0.359068851928945,"overall warnings",""
"93",2018-05-19,0.14218029811825,0.0379021991384148,-0.570393757481273,0.0688509555094506,4.60531910883639,0.384607575294285,"overall warnings",""
"94",2018-05-20,0.0432865214890974,0.0370218824282206,-0.673666288763173,0.0685789602575596,5.33432502941114,0.34830196257971,"overall warnings",""
"95",2018-05-21,0.122955526001237,0.0373064025791794,-0.6635712824073,0.0683263011781678,5.35673027117414,0.358506516526253,"overall warnings",""
"96",2018-05-22,0.0423564244152177,0.0379004020724188,-0.4763699805044,0.0601816072703648,3.30461281884823,0.194061367423373,"overall warnings",""
"97",2018-05-23,0.0657422041215884,0.0381519476637805,-0.697122272268985,0.0719029023821442,5.30250290677485,0.337393860598141,"overall warnings",""
"98",2018-05-24,0.0885636832154445,0.0372827979382397,-0.676144267537074,0.0668937483639895,4.98358669612472,0.29654879049472,"overall warnings",""
"99",2018-05-25,0.0715966106156074,0.0377742554311762,-0.624185359690141,0.0714448885338662,5.2307481574882,0.358717385042835,"overall warnings",""
"100",2018-05-26,0.0408594462453293,0.038617755970872,-0.504333747227162,0.07048376361176,4.7342068575938,0.3980093629024,"overall warnings",""
"101",2018-05-27,0.082658444086981,0.0383764961630405,-0.608048142967326,0.0689192582185759,5.07385733894535,0.368904924136291,"overall warnings",""
"102",2018-05-28,0.0371754988254344,0.0388509185338724,-0.512476540423936,0.0688462710046264,4.95507431822143,0.384726499225803,"overall warnings",""
"103",2018-05-31,0.0455051007402506,0.0386117423192986,-0.507066777857859,0.068700877188886,4.8837858653339,0.397689881014484,"overall warnings",""
"104",2018-06-13,0.0147857149737876,0.0396631355826573,-0.289987804586663,0.0586731055844742,3.51432091600315,0.209579971432894,"overall warnings",""
"105",2018-06-14,0.0542896109686413,0.0387660680387427,-0.380472188982426,0.0631458931371278,4.70634328045131,0.393504392695806,"overall warnings",""
"106",2018-06-21,-0.124297541421827,0.0392946564504185,-0.66043419655323,0.0814142196684908,3.07874313080419,0.240898876335786,"overall warnings",""
"107",2018-06-22,-0.0980623291740313,0.0384247648359656,-1.04822761742036,0.0744121056726809,6.41288955164425,0.273617903107546,"overall warnings",""
"108",2018-06-23,-0.0758843683715102,0.0377385256177996,-0.921010521367267,0.0637619327294276,6.32211761802695,0.222911251191231,"overall warnings",""
"109",2018-06-24,-0.0579874356350368,0.0385255455722587,-0.686371775134116,0.0735018369680565,5.34249260464915,0.336078770266106,"overall warnings",""
"110",2018-06-25,0.0962699307921747,0.0393219766778055,-0.852952775743149,0.0852729415445409,3.36505017596269,0.226273941992051,"overall warnings",""
"111",2018-06-26,-0.0383827789288858,0.0394406058281878,-0.977605646791493,0.0671579519526866,6.44840761063925,0.214468386935026,"overall warnings",""
"112",2018-06-27,-0.0750034711102269,0.039004909831556,-0.591059874550249,0.0705325690609269,4.86958718743432,0.309977090970057,"overall warnings",""
"113",2018-06-28,0.0471674813414235,0.038811831656728,-0.492738990314969,0.0614381820586737,4.39935641996689,0.244485691326294,"overall warnings",""
"114",2018-06-30,0.247100645617056,0.0435155547217193,-0.781033513420242,0.0791143298642541,3.0497846640207,0.174330072330669,"overall warnings",""
"115",2018-07-01,-0.010666836432938,0.039239896150747,-0.736176185698692,0.0708901809604892,5.5763311890707,0.291401302240441,"overall warnings",""
"116",2018-07-02,-0.0139986647920875,0.0389696183636239,-0.57809755065743,0.0674277388477747,5.22018682464152,0.328197143289215,"overall warnings",""
"117",2018-07-03,0.0163342470943323,0.0382745330569573,-0.585068660862273,0.0644895220513968,4.47835870680433,0.246216174091984,"overall warnings",""
"118",2018-07-04,0.167400616455653,0.0413494107855566,-0.659410897735019,0.0750982109975467,2.80176002430752,0.170567778251022,"overall warnings",""
"119",2018-07-05,-0.00655149996740447,0.0389517669607974,-0.520763463078399,0.0651739795419357,3.71840244276658,0.233901917354593,"overall warnings",""
"120",2018-07-06,-0.00552653262288219,0.038151554677251,-0.542814981747083,0.0703218218369659,5.00470235148581,0.379294107153184,"overall warnings",""
"121",2018-07-07,-0.00241414695918116,0.0384944011320223,-0.432521529428572,0.0698569463905474,4.38151505764036,0.416249698638723,"overall warnings",""
"122",2018-07-08,0.00683160177974148,0.0379826201890924,-0.393943401762671,0.0703469720766191,4.26498282448951,0.459951974381913,"overall warnings",""
"123",2018-07-10,0.0680685472233839,0.0386881672621319,-0.678880539297733,0.0695070976599474,3.46634947905149,0.217600396537816,"overall warnings",""
"124",2018-07-11,0.0327734225624531,0.038790296043858,-0.567024313429571,0.0652474965454882,3.11344061012501,0.202455654514842,"overall warnings",""
"125",2018-07-12,0.0362835430986899,0.0380004787702461,-0.633608824608677,0.0682917601389558,3.49756022255629,0.218528804885299,"overall warnings",""
"126",2018-07-13,-0.0838404656117241,0.0377817824359844,-0.434292430972676,0.0627410598926203,3.53425302141563,0.224442072637381,"overall warnings",""
"127",2018-07-14,-0.00595063338840617,0.0383319179798098,-0.426733889155062,0.0811150394929822,4.15464465022563,0.550786323513967,"overall warnings",""
"128",2018-07-15,0.0208689313823961,0.0383380703770938,-0.510129251318704,0.0664578148896173,2.97920340316721,0.20821133246157,"overall warnings",""
"129",2018-07-17,-0.725768639444824,0.0458131492758716,-0.735436108719064,0.0616509354543675,6.44490398959299,0.23036872626651,"overall warnings",""
"130",2018-07-18,-0.0180818044073668,0.0375992327073047,-0.430048227424235,0.0799520973108822,4.18305894534952,0.563375916075002,"overall warnings",""
"131",2018-07-19,0.0231664709161242,0.0390854369540823,-0.494165911438949,0.0644745302147061,3.09685467429013,0.196791621923329,"overall warnings",""
"132",2018-07-20,0.000603958709019246,0.0397780895808604,-0.494932769380817,0.0662274105587982,3.66032391348912,0.234907063316219,"overall warnings",""
"133",2018-07-21,-0.0663503912327106,0.038798884247349,-0.539522140112961,0.064249754714573,4.54503030213419,0.253057551349132,"overall warnings",""
"134",2018-07-22,-0.0139027945929546,0.0386916025344893,-0.525197925020137,0.0624606033672214,3.95899913213204,0.230100235046007,"overall warnings",""
"135",2018-07-28,-0.000110157319477763,0.0375996268128192,-0.495530209534511,0.0693860238040666,4.48752941819315,0.381202245852515,"overall warnings",""
"136",2018-07-31,-0.0300789015754498,0.0373623885774536,-0.548187952209286,0.0651810378902681,3.56423776532679,0.212962254935825,"overall warnings",""
"137",2018-08-01,-0.0572315937280057,0.0362531371987069,-0.41839188842017,0.0612735982217008,3.07884144852513,0.210039680912233,"overall warnings",""
"138",2018-08-02,-0.016396473331724,0.0368812610358148,-0.515207306311331,0.0618657525865491,3.60342316711895,0.216541138136937,"overall warnings",""
"139",2018-08-03,-0.0242193701822083,0.0369238160832312,-0.543627318744544,0.0628086121607005,4.38879766193555,0.242912553165726,"overall warnings",""
"140",2018-08-05,0.00379440211694035,0.0367283532396319,-0.608682266098302,0.0692694214399548,5.05320517626483,0.369458309414823,"overall warnings",""
"141",2018-08-06,0.0122740072067126,0.0374649010692891,-0.595644011321982,0.0656610584517303,3.90965736318761,0.239277799139739,"overall warnings",""
"142",2018-08-10,0.00266030024460114,0.0362206575113034,-0.510916673978215,0.0636066413865141,3.66114363762917,0.236570383361454,"overall warnings",""
"143",2018-08-12,-0.0182370207671688,0.036327077168452,-0.418618391684686,0.0603427285240295,3.15242794084357,0.19641525980639,"overall warnings",""
"144",2018-08-13,-0.0279426544182038,0.0369985148764747,-0.408907436412215,0.0606572659666308,3.08571213276904,0.2027749071873,"overall warnings",""
"145",2018-08-14,0.0975218412731266,0.0373928699813188,-0.662390231937083,0.0646615664322758,4.30571905524483,0.240801890458921,"overall warnings",""
"146",2018-08-16,-0.0184812103680509,0.0356380081761805,-0.5144224363731,0.0601541497582816,3.41849949669904,0.195643891299746,"overall warnings",""
"147",2018-08-19,-0.0766311507697779,0.0347408981634141,-1.47171223664963,0.084521127590048,5.58305883261997,0.241482512275483,"overall warnings",""
"148",2018-08-20,-0.3350132757719,0.0439053824029759,-0.604024021792026,0.0659757385957048,2.97364973340808,0.187336313422452,"overall warnings",""
"149",2018-08-25,-0.0140444457351869,0.0351919005794547,-0.554123847385784,0.0622302198367084,4.35155771967707,0.241807999049197,"overall warnings",""
"150",2018-08-26,-0.00317856300948305,0.0347016521703232,-0.49439554595418,0.0591036723818776,3.4451246994595,0.196882217377742,"overall warnings",""
"151",2018-09-02,0.0581664629692181,0.033263914426957,-0.79083222001599,0.0793324413281831,4.07108765351139,0.304284680193731,"overall warnings",""
"152",2018-09-04,0.0828940495437955,0.0341776901115926,-0.552178969892782,0.0836823762718178,1.11731039242936,0.115147527546961,"overall warnings",""
"153",2018-09-05,0.0207994235094857,0.0342319221704282,-0.715675862559272,0.0844696223037091,2.08378504096125,0.170769747421185,"overall warnings",""
"154",2018-09-06,-0.0522470220283612,0.0333817134787196,-1.13398973428397,0.0903590906612263,5.29624391909297,0.338843984902382,"overall warnings",""
"155",2018-09-07,0.0711636309057668,0.0325559746233527,-1.11368510685759,0.0863856636653638,4.76831747939117,0.298886447467753,"overall warnings",""
"156",2018-09-08,-0.0419926686523847,0.0331097858936715,-1.0724178526971,0.0920457334072348,5.08165999813449,0.346905495490542,"overall warnings",""
"157",2018-09-09,-0.0362545918752691,0.0338148038376323,-0.794638214313138,0.0810187485051409,4.1528625344043,0.303487034273194,"overall warnings",""
"158",2018-09-10,-0.0379556266649678,0.0334711895798903,-0.684067922626188,0.0690934613566775,3.72964322965316,0.236504935298288,"overall warnings",""
"159",2018-09-12,-0.0144411997147535,0.033569469187574,-0.591215731883928,0.064699497501795,3.25807020342889,0.203361349247009,"overall warnings",""
"160",2018-09-17,-0.0179746737122272,0.0327207180551902,-0.559929176407726,0.0611078401259639,3.41668914854764,0.193259689003088,"overall warnings",""
"161",2018-09-18,0.0514662295281736,0.0321799629919866,-0.809344972600929,0.0731936552542767,3.79346262807435,0.250525215627759,"overall warnings",""
"162",2018-09-28,-0.00490284783634841,0.0317288158935496,-0.655114137926584,0.0636779246137781,4.5792406865036,0.252171701521439,"overall warnings",""
"163",2018-09-29,-0.00728132902370385,0.0310013654055977,-0.65575631049898,0.0619662590502621,4.68759551274892,0.263641223326671,"overall warnings",""
"164",2018-09-30,0.00709425260239739,0.0304543960530701,-0.636237453901762,0.0606858109746573,4.75375643517479,0.268942599958543,"overall warnings",""
"165",2018-10-02,0.0327024639708193,0.0301564594458675,-0.818632999453577,0.0712194516452298,5.5344542424842,0.379121854321643,"overall warnings",""
"166",2018-10-03,-0.0231450010624171,0.0305155648605133,-0.796116375901801,0.0776601476942404,5.59447834498793,0.390145281061749,"overall warnings",""
"167",2018-10-04,0.0156270440717257,0.0304882771662198,-0.688192603203599,0.0639050773417104,5.00694163951335,0.296349260744137,"overall warnings",""
"168",2018-10-05,-0.0685654009935479,0.0305153759511485,-0.738937353227804,0.070693854259353,4.60246461835412,0.28960072524716,"overall warnings",""
"169",2018-10-07,0.0780708965327159,0.0303707239712564,-1.07194974991818,0.0852919387240473,5.21341209852459,0.355724173616886,"overall warnings",""
"170",2018-10-10,0.166548422087177,0.0318391330562908,-1.19848963354985,0.0708619047007298,5.92753531755092,0.235256759713793,"overall warnings",""
"171",2018-10-12,-0.0245796509343556,0.0298832038502033,-1.55662871890985,0.069751048606937,7.53523050938169,0.234172899095059,"overall warnings",""
"172",2018-10-13,-0.0229490656076838,0.0302250088099961,-1.26207080712724,0.0701804453128569,6.13519087713463,0.239568391209115,"overall warnings",""
"173",2018-10-14,0.116327972038845,0.0301902436355161,-1.28402051110261,0.0683243504337541,6.21214399391291,0.233847581126817,"overall warnings",""
"174",2018-10-15,-0.019666283249602,0.0293394947678222,-1.49760461795755,0.070715096832319,7.72708744165203,0.254375567061323,"overall warnings",""
"175",2018-10-16,-0.0626365037571036,0.0293465758591752,-1.11519586451469,0.0688025631692767,6.00448299129585,0.24776148462277,"overall warnings",""
"176",2018-10-17,-0.0448441291165115,0.0296939302695488,-1.15415867475171,0.0693066421617071,6.00400386688602,0.23859736570502,"overall warnings",""
"177",2018-10-18,-0.0105225065036319,0.0297279272904291,-1.27049726746285,0.0707865857656852,5.93423137457566,0.245724895773938,"overall warnings",""
"178",2018-10-19,-0.0359707878793169,0.0292886920912008,-1.19051957897945,0.0706190835118118,5.98299405149984,0.236550527513878,"overall warnings",""
"179",2018-10-20,-0.0233495596521092,0.0294453021529082,-1.1472943741145,0.0740082834342088,6.08554939110911,0.273343905043392,"overall warnings",""
"180",2018-10-21,-0.0385940404099463,0.029465237759758,-1.20540672131614,0.069904145642562,6.04068259873176,0.244884245384007,"overall warnings",""
"181",2018-10-22,-0.0424355108412126,0.0289994022464812,-1.16750358264414,0.0703515705894103,6.03554317071029,0.244361039808427,"overall warnings",""
"182",2018-10-23,-0.0585686870157899,0.0284643117795572,-1.11651950644611,0.0701486968452316,6.05291909432995,0.250780253505964,"overall warnings",""
"183",2018-10-24,-0.0115286516377599,0.0286596335554406,-1.17982407581196,0.0682105323496506,6.04392619443544,0.249552766297929,"overall warnings",""
"184",2018-10-25,0.0020017946833981,0.0283800445925061,-1.2592506425748,0.070056088043974,5.92485258701575,0.247196473852801,"overall warnings",""
"185",2018-10-26,-6.56313351588207e-05,0.0287330247252156,-1.14963424763444,0.0683423200019989,5.96357158436761,0.239430939334422,"overall warnings",""
"186",2018-10-27,-0.0241824130601633,0.0282353659637567,-1.13788928046795,0.06737234981579,6.03925567223119,0.245938509726803,"overall warnings",""
"187",2018-10-30,0.026799636885067,0.0288611174607522,-1.12067450364879,0.0771110478786609,6.15150600002815,0.326146078839139,"overall warnings",""
"188",2018-10-31,-0.014630399491558,0.0283143351822736,-0.948511187994046,0.0708561844665167,5.70175689110479,0.297678616025869,"overall warnings",""
"189",2018-11-01,-0.00915675405584588,0.0285278563333184,-1.08905421006135,0.0786465495474739,6.15845681628983,0.347219338014217,"overall warnings",""
"190",2018-11-02,0.0015282113296047,0.0282085022905424,-1.04322778048431,0.0752245725408518,6.05513957861905,0.323689275807687,"overall warnings",""
"191",2018-11-03,-0.0140490862043332,0.0288094325607453,-1.55455842645648,0.0666178880206222,7.36336629199098,0.220982748408235,"overall warnings",""
"192",2018-11-04,0.00507786213015978,0.0278339009504198,-1.09143287591225,0.0661870405972245,6.05592268426915,0.254522953204499,"overall warnings",""
"193",2018-11-05,-0.0133626017995304,0.0281769397755935,-1.16961001526896,0.0636972222768318,6.29556052529691,0.223104663298004,"overall warnings",""
"194",2018-11-06,-0.0235010780557495,0.0290546872647889,-1.0148221426331,0.0731904050928067,6.15178345347583,0.314910203529996,"overall warnings",""
"195",2018-11-07,0.00398669166637154,0.0271209505276614,-0.90891094893714,0.0689834263832397,5.57734082901288,0.301926923802927,"overall warnings",""
"196",2018-11-08,-0.00885840094583197,0.0279275478258492,-0.867938690323494,0.0693959549702563,5.48787330335667,0.313739653855572,"overall warnings",""
"197",2018-11-09,0.0377354680739854,0.0281014859190823,-0.803891226630603,0.0705835485979764,5.38615675037846,0.328249546577821,"overall warnings",""
"198",2018-11-10,-0.00260539904436015,0.0271479347656998,-0.875958522056119,0.0665455399326915,5.60639858213165,0.301401904108353,"overall warnings",""
"199",2018-11-11,-0.00416276957650903,0.0270470073924946,-0.879546216632024,0.0670026221599093,5.62079688584266,0.300346183779174,"overall warnings",""
"200",2018-11-12,0.00640650122076878,0.0269698370744121,-0.847557904538047,0.067898549080086,5.56770844771957,0.304920133446621,"overall warnings",""
"201",2018-11-13,-0.0296143945683783,0.027396646219233,-0.839083863346642,0.0690956957360685,5.44511586385372,0.318445526538603,"overall warnings",""
"202",2018-11-14,-0.0233454324704025,0.0276633212724789,-0.860181226176329,0.0668965748010854,5.58594890043082,0.303209797896107,"overall warnings",""
"203",2018-11-15,-0.0124101101378396,0.0273999103105742,-0.851624276005862,0.0664723780025427,5.60617713636727,0.296222744351648,"overall warnings",""
"204",2018-11-17,0.00602985599588536,0.0272354577670716,-0.777965882222156,0.0702620437410826,5.38358333962125,0.325986525636957,"overall warnings",""
"205",2018-11-18,-0.0175746393337825,0.0275212205093284,-0.913053824029625,0.0677137867298335,5.71801097234703,0.29539727059246,"overall warnings",""
"206",2018-11-19,-0.000866169553364889,0.0266917476569713,-0.899949672640514,0.0677429140592658,5.63438175752636,0.298864919865093,"overall warnings",""
"207",2018-11-20,-0.0425705248279184,0.0271809765235598,-0.951799697781646,0.0696065498614997,5.8028508322786,0.298973352525337,"overall warnings",""
"208",2018-11-21,-0.0404061258358744,0.0272796432638931,-1.0083184664774,0.0745267419656109,6.05691120952073,0.324708518141932,"overall warnings",""
"209",2018-11-22,-0.023047676156469,0.0266274236923273,-1.01345523997857,0.0704887356031786,5.95273104807343,0.309928531361491,"overall warnings",""
"210",2018-11-23,-0.0324612588133704,0.0273017930283311,-1.0492327705333,0.0774177499512921,6.15687951164377,0.348023707073313,"overall warnings",""
"211",2018-11-25,0.0128731122939098,0.0262721329160755,-1.06435634872759,0.0766947328912964,6.15394822894749,0.325044007816474,"overall warnings",""
"212",2018-11-26,0.00156820392160768,0.026467931630597,-1.11443285655316,0.0784183913990659,6.17443190988719,0.336314004569185,"overall warnings",""
"213",2018-11-27,-0.0306679534453362,0.0264453343980793,-1.11699067086314,0.0701815274324599,6.10753413587091,0.282130052618858,"overall warnings",""
"214",2018-11-28,0.00861797288830121,0.0259913262676914,-1.10816710778331,0.0642636685564516,6.03331715627851,0.247089017438336,"overall warnings",""
"215",2018-11-29,0.000218003413257015,0.0267658567751179,-1.12059753385113,0.072440385696,6.13286195002518,0.300273891565999,"overall warnings",""
"216",2018-11-30,0.0329571924693536,0.0259611306866976,-1.17043555057033,0.0650453766675266,5.97241143907941,0.237870310373602,"overall warnings",""
"217",2018-12-01,-0.0549191783854202,0.0305165667570246,-0.579375730284174,0.0595212604743976,3.36079866017019,0.205033823661336,"overall warnings",""
"218",2018-12-05,-0.0239104121870611,0.026296672880661,-1.67294277945217,0.0744124241722268,7.76605782407227,0.259701887674991,"overall warnings",""
